{
    "annotations": {
      "list": [
        {
          "builtIn": 1,
          "datasource": {
            "type": "grafana",
            "uid": "-- Grafana --"
          },
          "enable": true,
          "hide": true,
          "iconColor": "rgba(0, 211, 255, 1)",
          "name": "Annotations & Alerts",
          "type": "dashboard"
        }
      ]
    },
    "editable": true,
    "fiscalYearStartMonth": 0,
    "graphTooltip": 0,
    "id": 4,
    "links": [],
    "panels": [
      {
        "datasource": {
          "default": true,
          "type": "grafana-postgresql-datasource",
          "uid": "ddwzouuoihmv4d"
        },
        "description": "",
        "fieldConfig": {
          "defaults": {
            "color": {
              "mode": "thresholds"
            },
            "mappings": [],
            "thresholds": {
              "mode": "absolute",
              "steps": [
                {
                  "color": "green",
                  "value": null
                },
                {
                  "color": "red",
                  "value": 80
                }
              ]
            }
          },
          "overrides": []
        },
        "gridPos": {
          "h": 17,
          "w": 24,
          "x": 0,
          "y": 0
        },
        "id": 1,
        "options": {
          "basemap": {
            "config": {},
            "type": "default"
          },
          "controls": {
            "mouseWheelZoom": true,
            "showAttribution": true,
            "showDebug": false,
            "showLayercontrol": true,
            "showScale": false,
            "showZoom": true
          },
          "layers": [
            {
              "config": {
                "cluster": false,
                "clusterDistance": 20,
                "clusterMinDistance": 0,
                "clusterValue": "size",
                "color": {
                  "fixed": "semi-dark-red"
                },
                "enableGradient": false,
                "enableShadow": false,
                "fillOpacity": 0.4,
                "iconSize": 9,
                "pinShape": "marker",
                "shape": "circle",
                "showLegend": true,
                "showPin": false,
                "size": {
                  "fixed": 5,
                  "max": 15,
                  "min": 2
                }
              },
              "displayProperties": [
                "county_name",
                "precip_over_time_in",
                "elevation_ft"
              ],
              "location": {
                "geojson": "geojgeom",
                "mode": "geojson"
              },
              "name": "Very Low Precip",
              "query": "vlPrecip",
              "type": "markers"
            },
            {
              "config": {
                "cluster": false,
                "clusterDistance": 20,
                "clusterMinDistance": 0,
                "clusterValue": "size",
                "color": {
                  "fixed": "super-light-orange"
                },
                "enableGradient": false,
                "enableShadow": false,
                "fillOpacity": 0.2,
                "iconSize": 9,
                "pinShape": "marker",
                "shape": "circle",
                "showLegend": true,
                "showPin": false,
                "size": {
                  "fixed": 5,
                  "max": 15,
                  "min": 2
                }
              },
              "displayProperties": [
                "county_name",
                "precip_over_time_in",
                "elevation_ft"
              ],
              "location": {
                "geojson": "geojgeom",
                "mode": "geojson"
              },
              "name": "Low Precip",
              "query": "lowPrecip",
              "type": "markers"
            },
            {
              "config": {
                "cluster": false,
                "clusterDistance": 20,
                "clusterMinDistance": 0,
                "clusterValue": "size",
                "color": {
                  "fixed": "super-light-yellow"
                },
                "enableGradient": false,
                "enableShadow": false,
                "fillOpacity": 0.1,
                "iconSize": 9,
                "pinShape": "marker",
                "shape": "circle",
                "showLegend": true,
                "showPin": false,
                "size": {
                  "fixed": 5,
                  "max": 15,
                  "min": 2
                }
              },
              "displayProperties": [
                "county_name",
                "precip_over_time_in",
                "elevation_ft"
              ],
              "location": {
                "geojson": "geojgeom",
                "mode": "geojson"
              },
              "name": "Below Average Precip",
              "query": "bavgPrecip",
              "type": "markers"
            },
            {
              "config": {
                "cluster": false,
                "clusterDistance": 20,
                "clusterMinDistance": 0,
                "clusterValue": "size",
                "color": {
                  "fixed": "super-light-green"
                },
                "enableGradient": false,
                "enableShadow": false,
                "fillOpacity": 0.6,
                "iconSize": 9,
                "pinShape": "marker",
                "shape": "circle",
                "showLegend": true,
                "showPin": false,
                "size": {
                  "fixed": 5,
                  "max": 15,
                  "min": 2
                }
              },
              "displayProperties": [
                "county_name",
                "precip_over_time_in",
                "elevation_ft"
              ],
              "location": {
                "geojson": "geojgeom",
                "mode": "geojson"
              },
              "name": "Above Average Precip",
              "query": "aavgPrecip",
              "type": "markers"
            },
            {
              "config": {
                "cluster": false,
                "clusterDistance": 20,
                "clusterMinDistance": 0,
                "clusterValue": "size",
                "color": {
                  "fixed": "dark-green"
                },
                "enableGradient": false,
                "enableShadow": false,
                "fillOpacity": 0.4,
                "iconSize": 9,
                "pinShape": "marker",
                "shape": "circle",
                "showLegend": true,
                "showPin": false,
                "size": {
                  "fixed": 5,
                  "max": 15,
                  "min": 2
                }
              },
              "displayProperties": [
                "county_name",
                "precip_over_time_in",
                "elevation_ft"
              ],
              "location": {
                "geojson": "geojgeom",
                "mode": "geojson"
              },
              "name": "High Precip",
              "query": "hPrecip",
              "type": "markers"
            },
            {
              "config": {
                "cluster": false,
                "clusterDistance": 20,
                "clusterMinDistance": 0,
                "clusterValue": "size",
                "color": {
                  "fixed": "super-light-blue"
                },
                "enableGradient": false,
                "enableShadow": false,
                "fillOpacity": 0.4,
                "iconSize": 9,
                "pinShape": "marker",
                "shape": "circle",
                "showLegend": true,
                "showPin": false,
                "size": {
                  "fixed": 5,
                  "max": 15,
                  "min": 2
                }
              },
              "displayProperties": [
                "county_name",
                "precip_over_time_in",
                "elevation_ft"
              ],
              "location": {
                "geojson": "geojgeom",
                "mode": "geojson"
              },
              "name": "Very High Precip",
              "query": "vhPrecip",
              "type": "markers"
            }
          ],
          "view": {
            "id": "coords",
            "lat": 37.357517,
            "lon": -77.763876,
            "zoom": 9.51
          }
        },
        "targets": [
          {
            "datasource": {
              "type": "grafana-postgresql-datasource",
              "uid": "ddwzouuoihmv4d"
            },
            "editorMode": "code",
            "format": "table",
            "rawQuery": true,
            "rawSql": "with sum_precip as (\r\n\r\nselect sum(fi.precip_in) sum_precip from star_schema.fact fi\r\n\t\tinner join star_schema.dim_land_area dlai on fi.land_area_id = dlai.land_area_id\r\n\t\tinner join star_schema.dim_time dti on fi.time_id = dti.time_id\r\n\t\tinner join star_schema.dim_county_boundary cntyi on fi.county_boundary_id = cntyi.id\r\n\t\twhere  dti.time_date >= (now()::date-30) \r\n\t\tgroup by dlai.geom\r\n\r\n),\r\navgstd_precip as (\r\n\tselect avg(sum_precip) as avgp, stddev(sum_precip) as stdp from sum_precip\r\n),\r\n\r\ngeom_precip as (\r\n\tselect distinct\r\n\t\tcnty.county_name,\r\n\t\tsum(coalesce(f.precip_in, 0)) as precip_over_time_in,\r\n\t\tdla.elevation_ft,\r\n\t\t--f.precip_mm,\r\n\t\tst_asGeoJSON(dla.geom) as geom\r\n\tfrom star_schema.fact f\r\n\tinner join star_schema.dim_land_area dla on f.land_area_id = dla.land_area_id\r\n\tinner join star_schema.dim_time dt on f.time_id = dt.time_id\r\n\tinner join star_schema.dim_county_boundary cnty on f.county_boundary_id = cnty.id\r\n\twhere  dt.time_date >= (now()::date-30)\r\n\tgroup by county_name, dla.geom, dla.elevation_ft\r\n)\r\n\r\nselect county_name, precip_over_time_in,(select avgp::numeric from avgstd_precip) as avgp, (select stdp::numeric from avgstd_precip) as stdp, elevation_ft,\r\nstar_schema.fnct_color_classify((select avgp::numeric from avgstd_precip), (select stdp::numeric from avgstd_precip), precip_over_time_in::numeric)\r\nas clr_class,\r\n\tgeom as geojgeom\r\nfrom geom_precip \r\nwhere star_schema.fnct_color_classify((select avgp::numeric from avgstd_precip), (select stdp::numeric from avgstd_precip), precip_over_time_in::numeric)\r\n = 'Very Low'",
            "refId": "vlPrecip",
            "sql": {
              "columns": [
                {
                  "parameters": [],
                  "type": "function"
                }
              ],
              "groupBy": [
                {
                  "property": {
                    "type": "string"
                  },
                  "type": "groupBy"
                }
              ],
              "limit": 50
            }
          },
          {
            "datasource": {
              "type": "grafana-postgresql-datasource",
              "uid": "ddwzouuoihmv4d"
            },
            "editorMode": "code",
            "format": "table",
            "hide": false,
            "rawQuery": true,
            "rawSql": "with sum_precip as (\r\n\r\nselect sum(fi.precip_in) sum_precip from star_schema.fact fi\r\n\t\tinner join star_schema.dim_land_area dlai on fi.land_area_id = dlai.land_area_id\r\n\t\tinner join star_schema.dim_time dti on fi.time_id = dti.time_id\r\n\t\tinner join star_schema.dim_county_boundary cntyi on fi.county_boundary_id = cntyi.id\r\n\t\twhere  dti.time_date >= (now()::date-30) \r\n\t\tgroup by dlai.geom\r\n\r\n),\r\navgstd_precip as (\r\n\tselect avg(sum_precip) as avgp, stddev(sum_precip) as stdp from sum_precip\r\n),\r\n\r\ngeom_precip as (\r\n\tselect distinct\r\n\t\tcnty.county_name,\r\n\t\tsum(coalesce(f.precip_in, 0)) as precip_over_time_in,\r\n\t\tdla.elevation_ft,\r\n\t\t--f.precip_mm,\r\n\t\tst_asGeoJSON(dla.geom) as geom\r\n\tfrom star_schema.fact f\r\n\tinner join star_schema.dim_land_area dla on f.land_area_id = dla.land_area_id\r\n\tinner join star_schema.dim_time dt on f.time_id = dt.time_id\r\n\tinner join star_schema.dim_county_boundary cnty on f.county_boundary_id = cnty.id\r\n\twhere  dt.time_date >= (now()::date-30)\r\n\tgroup by county_name, dla.geom, dla.elevation_ft\r\n)\r\n\r\nselect county_name, precip_over_time_in,(select avgp::numeric from avgstd_precip) as avgp, (select stdp::numeric from avgstd_precip) as stdp, elevation_ft,\r\nstar_schema.fnct_color_classify((select avgp::numeric from avgstd_precip), (select stdp::numeric from avgstd_precip), precip_over_time_in::numeric)\r\nas clr_class,\r\n\tgeom as geojgeom\r\nfrom geom_precip \r\nwhere star_schema.fnct_color_classify((select avgp::numeric from avgstd_precip), (select stdp::numeric from avgstd_precip), precip_over_time_in::numeric)\r\n = 'Low'",
            "refId": "lowPrecip",
            "sql": {
              "columns": [
                {
                  "parameters": [],
                  "type": "function"
                }
              ],
              "groupBy": [
                {
                  "property": {
                    "type": "string"
                  },
                  "type": "groupBy"
                }
              ],
              "limit": 50
            }
          },
          {
            "datasource": {
              "type": "grafana-postgresql-datasource",
              "uid": "ddwzouuoihmv4d"
            },
            "editorMode": "code",
            "format": "table",
            "hide": false,
            "rawQuery": true,
            "rawSql": "with sum_precip as (\r\n\r\nselect sum(fi.precip_in) sum_precip from star_schema.fact fi\r\n\t\tinner join star_schema.dim_land_area dlai on fi.land_area_id = dlai.land_area_id\r\n\t\tinner join star_schema.dim_time dti on fi.time_id = dti.time_id\r\n\t\tinner join star_schema.dim_county_boundary cntyi on fi.county_boundary_id = cntyi.id\r\n\t\twhere  dti.time_date >= (now()::date-30) \r\n\t\tgroup by dlai.geom\r\n\r\n),\r\navgstd_precip as (\r\n\tselect avg(sum_precip) as avgp, stddev(sum_precip) as stdp from sum_precip\r\n),\r\n\r\ngeom_precip as (\r\n\tselect distinct\r\n\t\tcnty.county_name,\r\n\t\tsum(coalesce(f.precip_in, 0)) as precip_over_time_in,\r\n\t\tdla.elevation_ft,\r\n\t\t--f.precip_mm,\r\n\t\tst_asGeoJSON(dla.geom) as geom\r\n\tfrom star_schema.fact f\r\n\tinner join star_schema.dim_land_area dla on f.land_area_id = dla.land_area_id\r\n\tinner join star_schema.dim_time dt on f.time_id = dt.time_id\r\n\tinner join star_schema.dim_county_boundary cnty on f.county_boundary_id = cnty.id\r\n\twhere  dt.time_date >= (now()::date-30)\r\n\tgroup by county_name, dla.geom, dla.elevation_ft\r\n)\r\n\r\nselect county_name, precip_over_time_in,(select avgp::numeric from avgstd_precip) as avgp, (select stdp::numeric from avgstd_precip) as stdp, elevation_ft,\r\nstar_schema.fnct_color_classify((select avgp::numeric from avgstd_precip), (select stdp::numeric from avgstd_precip), precip_over_time_in::numeric)\r\nas clr_class,\r\n\tgeom as geojgeom\r\nfrom geom_precip \r\nwhere star_schema.fnct_color_classify((select avgp::numeric from avgstd_precip), (select stdp::numeric from avgstd_precip), precip_over_time_in::numeric)\r\n = 'Below Average'",
            "refId": "bavgPrecip",
            "sql": {
              "columns": [
                {
                  "parameters": [],
                  "type": "function"
                }
              ],
              "groupBy": [
                {
                  "property": {
                    "type": "string"
                  },
                  "type": "groupBy"
                }
              ],
              "limit": 50
            }
          },
          {
            "datasource": {
              "type": "grafana-postgresql-datasource",
              "uid": "ddwzouuoihmv4d"
            },
            "editorMode": "code",
            "format": "table",
            "hide": false,
            "rawQuery": true,
            "rawSql": "with sum_precip as (\r\n\r\nselect sum(fi.precip_in) sum_precip from star_schema.fact fi\r\n\t\tinner join star_schema.dim_land_area dlai on fi.land_area_id = dlai.land_area_id\r\n\t\tinner join star_schema.dim_time dti on fi.time_id = dti.time_id\r\n\t\tinner join star_schema.dim_county_boundary cntyi on fi.county_boundary_id = cntyi.id\r\n\t\twhere  dti.time_date >= (now()::date-30) \r\n\t\tgroup by dlai.geom\r\n\r\n),\r\navgstd_precip as (\r\n\tselect avg(sum_precip) as avgp, stddev(sum_precip) as stdp from sum_precip\r\n),\r\n\r\ngeom_precip as (\r\n\tselect distinct\r\n\t\tcnty.county_name,\r\n\t\tsum(coalesce(f.precip_in, 0)) as precip_over_time_in,\r\n\t\tdla.elevation_ft,\r\n\t\t--f.precip_mm,\r\n\t\tst_asGeoJSON(dla.geom) as geom\r\n\tfrom star_schema.fact f\r\n\tinner join star_schema.dim_land_area dla on f.land_area_id = dla.land_area_id\r\n\tinner join star_schema.dim_time dt on f.time_id = dt.time_id\r\n\tinner join star_schema.dim_county_boundary cnty on f.county_boundary_id = cnty.id\r\n\twhere  dt.time_date >= (now()::date-30)\r\n\tgroup by county_name, dla.geom, dla.elevation_ft\r\n)\r\n\r\nselect county_name, precip_over_time_in,(select avgp::numeric from avgstd_precip) as avgp, (select stdp::numeric from avgstd_precip) as stdp, elevation_ft,\r\nstar_schema.fnct_color_classify((select avgp::numeric from avgstd_precip), (select stdp::numeric from avgstd_precip), precip_over_time_in::numeric)\r\nas clr_class,\r\n\tgeom as geojgeom\r\nfrom geom_precip \r\nwhere star_schema.fnct_color_classify((select avgp::numeric from avgstd_precip), (select stdp::numeric from avgstd_precip), precip_over_time_in::numeric)\r\n = 'Above Average'",
            "refId": "aavgPrecip",
            "sql": {
              "columns": [
                {
                  "parameters": [],
                  "type": "function"
                }
              ],
              "groupBy": [
                {
                  "property": {
                    "type": "string"
                  },
                  "type": "groupBy"
                }
              ],
              "limit": 50
            }
          },
          {
            "datasource": {
              "type": "grafana-postgresql-datasource",
              "uid": "ddwzouuoihmv4d"
            },
            "editorMode": "code",
            "format": "table",
            "hide": false,
            "rawQuery": true,
            "rawSql": "with sum_precip as (\r\n\r\nselect sum(fi.precip_in) sum_precip from star_schema.fact fi\r\n\t\tinner join star_schema.dim_land_area dlai on fi.land_area_id = dlai.land_area_id\r\n\t\tinner join star_schema.dim_time dti on fi.time_id = dti.time_id\r\n\t\tinner join star_schema.dim_county_boundary cntyi on fi.county_boundary_id = cntyi.id\r\n\t\twhere  dti.time_date >= (now()::date-30) \r\n\t\tgroup by dlai.geom\r\n\r\n),\r\navgstd_precip as (\r\n\tselect avg(sum_precip) as avgp, stddev(sum_precip) as stdp from sum_precip\r\n),\r\n\r\ngeom_precip as (\r\n\tselect distinct\r\n\t\tcnty.county_name,\r\n\t\tsum(coalesce(f.precip_in, 0)) as precip_over_time_in,\r\n\t\tdla.elevation_ft,\r\n\t\t--f.precip_mm,\r\n\t\tst_asGeoJSON(dla.geom) as geom\r\n\tfrom star_schema.fact f\r\n\tinner join star_schema.dim_land_area dla on f.land_area_id = dla.land_area_id\r\n\tinner join star_schema.dim_time dt on f.time_id = dt.time_id\r\n\tinner join star_schema.dim_county_boundary cnty on f.county_boundary_id = cnty.id\r\n\twhere  dt.time_date >= (now()::date-30)\r\n\tgroup by county_name, dla.geom, dla.elevation_ft\r\n)\r\n\r\nselect county_name, precip_over_time_in,(select avgp::numeric from avgstd_precip) as avgp, (select stdp::numeric from avgstd_precip) as stdp, elevation_ft,\r\nstar_schema.fnct_color_classify((select avgp::numeric from avgstd_precip), (select stdp::numeric from avgstd_precip), precip_over_time_in::numeric)\r\nas clr_class,\r\n\tgeom as geojgeom\r\nfrom geom_precip \r\nwhere star_schema.fnct_color_classify((select avgp::numeric from avgstd_precip), (select stdp::numeric from avgstd_precip), precip_over_time_in::numeric)\r\n = 'High'",
            "refId": "hPrecip",
            "sql": {
              "columns": [
                {
                  "parameters": [],
                  "type": "function"
                }
              ],
              "groupBy": [
                {
                  "property": {
                    "type": "string"
                  },
                  "type": "groupBy"
                }
              ],
              "limit": 50
            }
          },
          {
            "datasource": {
              "type": "grafana-postgresql-datasource",
              "uid": "ddwzouuoihmv4d"
            },
            "editorMode": "code",
            "format": "table",
            "hide": false,
            "rawQuery": true,
            "rawSql": "with sum_precip as (\r\n\r\nselect sum(fi.precip_in) sum_precip from star_schema.fact fi\r\n\t\tinner join star_schema.dim_land_area dlai on fi.land_area_id = dlai.land_area_id\r\n\t\tinner join star_schema.dim_time dti on fi.time_id = dti.time_id\r\n\t\tinner join star_schema.dim_county_boundary cntyi on fi.county_boundary_id = cntyi.id\r\n\t\twhere  dti.time_date >= (now()::date-30) \r\n\t\tgroup by dlai.geom\r\n\r\n),\r\navgstd_precip as (\r\n\tselect avg(sum_precip) as avgp, stddev(sum_precip) as stdp from sum_precip\r\n),\r\n\r\ngeom_precip as (\r\n\tselect distinct\r\n\t\tcnty.county_name,\r\n\t\tsum(coalesce(f.precip_in, 0)) as precip_over_time_in,\r\n\t\tdla.elevation_ft,\r\n\t\t--f.precip_mm,\r\n\t\tst_asGeoJSON(dla.geom) as geom\r\n\tfrom star_schema.fact f\r\n\tinner join star_schema.dim_land_area dla on f.land_area_id = dla.land_area_id\r\n\tinner join star_schema.dim_time dt on f.time_id = dt.time_id\r\n\tinner join star_schema.dim_county_boundary cnty on f.county_boundary_id = cnty.id\r\n\twhere  dt.time_date >= (now()::date-30)\r\n\tgroup by county_name, dla.geom, dla.elevation_ft\r\n)\r\n\r\nselect county_name, precip_over_time_in,(select avgp::numeric from avgstd_precip) as avgp, (select stdp::numeric from avgstd_precip) as stdp, elevation_ft,\r\nstar_schema.fnct_color_classify((select avgp::numeric from avgstd_precip), (select stdp::numeric from avgstd_precip), precip_over_time_in::numeric)\r\nas clr_class,\r\n\tgeom as geojgeom\r\nfrom geom_precip \r\nwhere star_schema.fnct_color_classify((select avgp::numeric from avgstd_precip), (select stdp::numeric from avgstd_precip), precip_over_time_in::numeric)\r\n = 'Very High'",
            "refId": "vhPrecip",
            "sql": {
              "columns": [
                {
                  "parameters": [],
                  "type": "function"
                }
              ],
              "groupBy": [
                {
                  "property": {
                    "type": "string"
                  },
                  "type": "groupBy"
                }
              ],
              "limit": 50
            }
          }
        ],
        "title": "Rolling 30-days Precipitation",
        "transparent": true,
        "type": "orchestracities-map-panel"
      }
    ],
    "schemaVersion": 39,
    "tags": [],
    "templating": {
      "list": []
    },
    "time": {
      "from": "now-6h",
      "to": "now"
    },
    "timepicker": {},
    "timezone": "browser",
    "title": "Amelia & Chesterfield Counties Rolling 30 Days Precpitation",
    "uid": "fdz30m92b4a9sd",
    "version": 8,
    "weekStart": ""
  }