{
    "annotations": {
      "list": [
        {
          "builtIn": 1,
          "datasource": {
            "type": "grafana",
            "uid": "-- Grafana --"
          },
          "enable": true,
          "hide": true,
          "iconColor": "rgba(0, 211, 255, 1)",
          "name": "Annotations & Alerts",
          "type": "dashboard"
        }
      ]
    },
    "editable": true,
    "fiscalYearStartMonth": 0,
    "graphTooltip": 0,
    "id": 2,
    "links": [],
    "panels": [
      {
        "datasource": {
          "type": "grafana-postgresql-datasource",
          "uid": "febzhtrdicirka"
        },
        "fieldConfig": {
          "defaults": {
            "color": {
              "mode": "thresholds"
            },
            "mappings": [],
            "thresholds": {
              "mode": "absolute",
              "steps": [
                {
                  "color": "green",
                  "value": null
                },
                {
                  "color": "red",
                  "value": 80
                }
              ]
            }
          },
          "overrides": []
        },
        "gridPos": {
          "h": 3,
          "w": 3,
          "x": 0,
          "y": 0
        },
        "id": 4,
        "options": {
          "colorMode": "value",
          "graphMode": "area",
          "justifyMode": "auto",
          "orientation": "auto",
          "percentChangeColorMode": "standard",
          "reduceOptions": {
            "calcs": [
              "lastNotNull"
            ],
            "fields": "",
            "values": false
          },
          "showPercentChange": false,
          "textMode": "auto",
          "wideLayout": true
        },
        "pluginVersion": "10.4.1",
        "targets": [
          {
            "datasource": {
              "type": "grafana-postgresql-datasource",
              "uid": "ddwzouuoihmv4d"
            },
            "editorMode": "code",
            "format": "table",
            "rawQuery": true,
            "rawSql": "select round(sum(csbacres)::numeric,3) as total_acres from public.amelia_county_va_csb",
            "refId": "A",
            "sql": {
              "columns": [
                {
                  "parameters": [],
                  "type": "function"
                }
              ],
              "groupBy": [
                {
                  "property": {
                    "type": "string"
                  },
                  "type": "groupBy"
                }
              ],
              "limit": 50
            }
          }
        ],
        "title": "Amelia County Total Acres",
        "type": "stat"
      },
      {
        "datasource": {
          "type": "grafana-postgresql-datasource",
          "uid": "febzhtrdicirka"
        },
        "fieldConfig": {
          "defaults": {
            "color": {
              "mode": "thresholds"
            },
            "mappings": [],
            "thresholds": {
              "mode": "absolute",
              "steps": [
                {
                  "color": "green",
                  "value": null
                },
                {
                  "color": "red",
                  "value": 80
                }
              ]
            }
          },
          "overrides": []
        },
        "gridPos": {
          "h": 3,
          "w": 3,
          "x": 3,
          "y": 0
        },
        "id": 2,
        "options": {
          "colorMode": "value",
          "graphMode": "none",
          "justifyMode": "center",
          "orientation": "auto",
          "percentChangeColorMode": "standard",
          "reduceOptions": {
            "calcs": [
              "lastNotNull"
            ],
            "fields": "",
            "values": false
          },
          "showPercentChange": false,
          "text": {
            "valueSize": 42
          },
          "textMode": "auto",
          "wideLayout": true
        },
        "pluginVersion": "10.4.1",
        "targets": [
          {
            "datasource": {
              "type": "grafana-postgresql-datasource",
              "uid": "ddwzouuoihmv4d"
            },
            "editorMode": "code",
            "format": "table",
            "rawQuery": true,
            "rawSql": "select count(*) from public.amelia_county_va_csb ;",
            "refId": "A",
            "sql": {
              "columns": [
                {
                  "parameters": [],
                  "type": "function"
                }
              ],
              "groupBy": [
                {
                  "property": {
                    "type": "string"
                  },
                  "type": "groupBy"
                }
              ],
              "limit": 50
            }
          }
        ],
        "title": "Total CSB Areas",
        "type": "stat"
      },
      {
        "datasource": {},
        "fieldConfig": {
          "defaults": {
            "color": {
              "fixedColor": "dark-blue",
              "mode": "fixed"
            },
            "mappings": [],
            "thresholds": {
              "mode": "absolute",
              "steps": [
                {
                  "color": "green",
                  "value": null
                },
                {
                  "color": "red",
                  "value": 80
                }
              ]
            }
          },
          "overrides": []
        },
        "gridPos": {
          "h": 21,
          "w": 18,
          "x": 6,
          "y": 0
        },
        "id": 1,
        "options": {
          "basemap": {
            "config": {
              "showLabels": true,
              "theme": "light"
            },
            "type": "carto"
          },
          "controls": {
            "mouseWheelZoom": true,
            "showAttribution": true,
            "showDebug": false,
            "showLayercontrol": true,
            "showScale": false,
            "showZoom": true
          },
          "layers": [
            {
              "config": {
                "cluster": false,
                "clusterDistance": 20,
                "clusterMinDistance": 0,
                "clusterValue": "size",
                "color": {
                  "fixed": "dark-blue"
                },
                "enableGradient": false,
                "enableShadow": false,
                "fillOpacity": 0.3,
                "iconSize": 9,
                "pinShape": "marker",
                "shape": "circle",
                "showLegend": true,
                "showPin": false,
                "size": {
                  "fixed": 1,
                  "max": 15,
                  "min": 2
                }
              },
              "displayProperties": [
                "crop",
                "csbacres"
              ],
              "location": {
                "geojson": "st_asgeojson",
                "mode": "geojson"
              },
              "name": "Amelia Co Corn 2023",
              "query": "Amelia-2023-Corn",
              "type": "markers"
            },
            {
              "config": {
                "cluster": false,
                "clusterDistance": 20,
                "clusterMinDistance": 0,
                "clusterValue": "size",
                "color": {
                  "fixed": "yellow"
                },
                "enableGradient": false,
                "enableShadow": false,
                "fillOpacity": 0.4,
                "iconSize": 9,
                "pinShape": "marker",
                "shape": "circle",
                "showLegend": true,
                "showPin": false,
                "size": {
                  "fixed": 5,
                  "max": 15,
                  "min": 2
                }
              },
              "displayProperties": [
                "crop",
                "csbacres"
              ],
              "location": {
                "geojson": "st_asgeojson",
                "mode": "geojson"
              },
              "name": "Amelia Co Soybean 2023",
              "query": "Amelia-2023-Soybean",
              "type": "markers"
            },
            {
              "config": {
                "cluster": false,
                "clusterDistance": 20,
                "clusterMinDistance": 0,
                "clusterValue": "size",
                "color": {
                  "fixed": "green"
                },
                "enableGradient": false,
                "enableShadow": false,
                "fillOpacity": 0.4,
                "iconSize": 9,
                "pinShape": "marker",
                "shape": "circle",
                "showLegend": true,
                "showPin": false,
                "size": {
                  "fixed": 5,
                  "max": 15,
                  "min": 2
                }
              },
              "displayProperties": [
                "crop",
                "csbacres"
              ],
              "location": {
                "geojson": "st_asgeojson",
                "mode": "geojson"
              },
              "name": "Amelia Co Other Hay 2023",
              "query": "Amelia-2023-Other-Hay-Non-Alfalfa",
              "type": "markers"
            },
            {
              "config": {
                "cluster": false,
                "clusterDistance": 20,
                "clusterMinDistance": 0,
                "clusterValue": "size",
                "color": {
                  "fixed": "dark-orange"
                },
                "enableGradient": false,
                "enableShadow": false,
                "fillOpacity": 0.4,
                "iconSize": 9,
                "pinShape": "marker",
                "shape": "circle",
                "showLegend": true,
                "showPin": false,
                "size": {
                  "fixed": 5,
                  "max": 15,
                  "min": 2
                }
              },
              "displayProperties": [
                "crop",
                "csbacres"
              ],
              "location": {
                "geojson": "st_asgeojson",
                "mode": "geojson"
              },
              "name": "Amelia Co Dbl Crop WW-SoyBean",
              "query": "Amelia-2023-Dbl-Crop-WW-Soyb",
              "type": "markers"
            },
            {
              "config": {
                "cluster": false,
                "clusterDistance": 20,
                "clusterMinDistance": 0,
                "clusterValue": "size",
                "color": {
                  "fixed": "dark-red"
                },
                "enableGradient": false,
                "enableShadow": false,
                "fillOpacity": 0.4,
                "iconSize": 9,
                "pinShape": "marker",
                "shape": "circle",
                "showLegend": true,
                "showPin": false,
                "size": {
                  "fixed": 1,
                  "max": 15,
                  "min": 2
                }
              },
              "displayProperties": [
                "crop",
                "csbacres"
              ],
              "location": {
                "geojson": "st_asgeojson",
                "mode": "geojson"
              },
              "name": "Amelia WinWht 2023",
              "query": "Amelia-2023-WinWht",
              "type": "markers"
            }
          ],
          "view": {
            "id": "coords",
            "lat": 37.346704,
            "lon": -77.976874,
            "zoom": 11.2
          }
        },
        "targets": [
          {
            "datasource": {
              "type": "grafana-postgresql-datasource",
              "uid": "ddwzouuoihmv4d"
            },
            "editorMode": "code",
            "format": "table",
            "rawQuery": true,
            "rawSql": "SELECT id, st_asGeoJSON(geom), csbid, 'Corn' as crop, csbacres FROM public.amelia_county_va_csb where cdl2023 = 1 ;",
            "refId": "Amelia-2023-Corn",
            "sql": {
              "columns": [
                {
                  "parameters": [],
                  "type": "function"
                }
              ],
              "groupBy": [
                {
                  "property": {
                    "type": "string"
                  },
                  "type": "groupBy"
                }
              ],
              "limit": 50
            }
          },
          {
            "datasource": {
              "type": "grafana-postgresql-datasource",
              "uid": "ddwzouuoihmv4d"
            },
            "editorMode": "code",
            "format": "table",
            "hide": false,
            "rawQuery": true,
            "rawSql": "SELECT id, st_asGeoJSON(geom), csbid, 'Soybean' as crop, csbacres FROM public.amelia_county_va_csb where cdl2023 = 5;",
            "refId": "Amelia-2023-Soybean",
            "sql": {
              "columns": [
                {
                  "parameters": [],
                  "type": "function"
                }
              ],
              "groupBy": [
                {
                  "property": {
                    "type": "string"
                  },
                  "type": "groupBy"
                }
              ],
              "limit": 50
            }
          },
          {
            "datasource": {
              "type": "grafana-postgresql-datasource",
              "uid": "ddwzouuoihmv4d"
            },
            "editorMode": "code",
            "format": "table",
            "hide": false,
            "rawQuery": true,
            "rawSql": "SELECT id, st_asGeoJSON(geom), csbid, 'Other Hay Non-Alfalfa' as crop, csbacres FROM public.amelia_county_va_csb where cdl2023 = 37;",
            "refId": "Amelia-2023-Other-Hay-Non-Alfalfa",
            "sql": {
              "columns": [
                {
                  "parameters": [],
                  "type": "function"
                }
              ],
              "groupBy": [
                {
                  "property": {
                    "type": "string"
                  },
                  "type": "groupBy"
                }
              ],
              "limit": 50
            }
          },
          {
            "datasource": {
              "type": "grafana-postgresql-datasource",
              "uid": "ddwzouuoihmv4d"
            },
            "editorMode": "code",
            "format": "table",
            "hide": false,
            "rawQuery": true,
            "rawSql": "SELECT id, st_asGeoJSON(geom), csbid, 'Dbl Winter Wheat/Soybean' as crop, csbacres FROM public.amelia_county_va_csb where cdl2023 = 26;",
            "refId": "Amelia-2023-Dbl-Crop-WW-Soyb",
            "sql": {
              "columns": [
                {
                  "parameters": [],
                  "type": "function"
                }
              ],
              "groupBy": [
                {
                  "property": {
                    "type": "string"
                  },
                  "type": "groupBy"
                }
              ],
              "limit": 50
            }
          },
          {
            "datasource": {
              "type": "grafana-postgresql-datasource",
              "uid": "ddwzouuoihmv4d"
            },
            "editorMode": "code",
            "format": "table",
            "hide": false,
            "rawQuery": true,
            "rawSql": "SELECT id, st_asGeoJSON(geom), csbid, 'Winter Wheat' as crop, csbacres FROM public.amelia_county_va_csb where cdl2023 = 24 ;",
            "refId": "Amelia-2023-WinWht",
            "sql": {
              "columns": [
                {
                  "parameters": [],
                  "type": "function"
                }
              ],
              "groupBy": [
                {
                  "property": {
                    "type": "string"
                  },
                  "type": "groupBy"
                }
              ],
              "limit": 50
            }
          }
        ],
        "title": "Amelia County",
        "type": "orchestracities-map-panel"
      },
      {
        "datasource": {
          "type": "grafana-postgresql-datasource",
          "uid": "febzhtrdicirka"
        },
        "fieldConfig": {
          "defaults": {
            "color": {
              "mode": "palette-classic"
            },
            "custom": {
              "hideFrom": {
                "legend": false,
                "tooltip": false,
                "viz": false
              }
            },
            "links": [],
            "mappings": []
          },
          "overrides": []
        },
        "gridPos": {
          "h": 18,
          "w": 6,
          "x": 0,
          "y": 3
        },
        "id": 3,
        "options": {
          "displayLabels": [
            "name",
            "percent"
          ],
          "legend": {
            "displayMode": "list",
            "placement": "bottom",
            "showLegend": true,
            "values": [
              "percent"
            ]
          },
          "pieType": "pie",
          "reduceOptions": {
            "calcs": [
              "lastNotNull"
            ],
            "fields": "/^total_acres$/",
            "values": true
          },
          "tooltip": {
            "mode": "multi",
            "sort": "none"
          }
        },
        "targets": [
          {
            "datasource": {
              "type": "grafana-postgresql-datasource",
              "uid": "ddwzouuoihmv4d"
            },
            "editorMode": "code",
            "format": "table",
            "rawQuery": true,
            "rawSql": "SELECT \r\nround(sum(amlcnty.csbacres)::numeric,3) as total_acres, \r\nctr.crop_name\r\nFROM public.amelia_county_va_csb amlcnty\r\ninner join csb_crop_type_reference ctr on amlcnty.cdl2023 = ctr.id\r\ngroup by ctr.crop_name\r\norder by total_acres desc;",
            "refId": "A",
            "sql": {
              "columns": [
                {
                  "parameters": [],
                  "type": "function"
                }
              ],
              "groupBy": [
                {
                  "property": {
                    "type": "string"
                  },
                  "type": "groupBy"
                }
              ],
              "limit": 50
            }
          }
        ],
        "title": "Crops by Acrage - 2023",
        "type": "piechart"
      }
    ],
    "schemaVersion": 39,
    "tags": [],
    "templating": {
      "list": []
    },
    "time": {
      "from": "now-6h",
      "to": "now"
    },
    "timepicker": {},
    "timezone": "browser",
    "title": "Amelia County - Example 2023",
    "uid": "edwzsenxz3k74c",
    "version": 6,
    "weekStart": ""
  }