{
    "annotations": {
      "list": [
        {
          "builtIn": 1,
          "datasource": {
            "type": "grafana",
            "uid": "-- Grafana --"
          },
          "enable": true,
          "hide": true,
          "iconColor": "rgba(0, 211, 255, 1)",
          "name": "Annotations & Alerts",
          "type": "dashboard"
        }
      ]
    },
    "editable": true,
    "fiscalYearStartMonth": 0,
    "graphTooltip": 0,
    "id": 4,
    "links": [],
    "panels": [
      {
        "datasource": {
          "default": true,
          "type": "grafana-postgresql-datasource",
          "uid": "ddwzouuoihmv4d"
        },
        "fieldConfig": {
          "defaults": {
            "color": {
              "mode": "thresholds"
            },
            "mappings": [],
            "thresholds": {
              "mode": "absolute",
              "steps": [
                {
                  "color": "green",
                  "value": null
                },
                {
                  "color": "red",
                  "value": 80
                }
              ]
            }
          },
          "overrides": []
        },
        "gridPos": {
          "h": 20,
          "w": 24,
          "x": 0,
          "y": 0
        },
        "id": 1,
        "options": {
          "basemap": {
            "config": {
              "showLabels": true,
              "theme": "auto"
            },
            "type": "carto"
          },
          "controls": {
            "mouseWheelZoom": true,
            "showAttribution": true,
            "showDebug": false,
            "showLayercontrol": true,
            "showScale": false,
            "showZoom": true
          },
          "layers": [
            {
              "config": {
                "cluster": false,
                "clusterDistance": 20,
                "clusterMinDistance": 0,
                "clusterValue": "size",
                "color": {
                  "fixed": "semi-dark-orange"
                },
                "enableGradient": false,
                "enableShadow": false,
                "fillOpacity": 0.4,
                "iconSize": 9,
                "pinShape": "marker",
                "shape": "circle",
                "showLegend": true,
                "showPin": false,
                "size": {
                  "field": "precip_over_time_in",
                  "fixed": 5,
                  "max": 2,
                  "min": 1
                }
              },
              "displayProperties": [
                "precip_over_time_in",
                "county_name"
              ],
              "location": {
                "geojson": "geom",
                "mode": "geojson"
              },
              "name": "low-precip",
              "query": "low",
              "type": "markers"
            },
            {
              "config": {
                "cluster": false,
                "clusterDistance": 20,
                "clusterMinDistance": 0,
                "clusterValue": "size",
                "color": {
                  "fixed": "super-light-green"
                },
                "enableGradient": false,
                "enableShadow": false,
                "fillOpacity": 0.8,
                "iconSize": 9,
                "pinShape": "marker",
                "shape": "circle",
                "showLegend": true,
                "showPin": false,
                "size": {
                  "fixed": 5,
                  "max": 15,
                  "min": 2
                }
              },
              "displayProperties": [
                "precip_over_time_in",
                "county_name"
              ],
              "location": {
                "geojson": "geom",
                "mode": "geojson"
              },
              "name": "medium-precip",
              "query": "medium",
              "type": "markers"
            },
            {
              "config": {
                "cluster": false,
                "clusterDistance": 20,
                "clusterMinDistance": 0,
                "clusterValue": "size",
                "color": {
                  "fixed": "light-blue"
                },
                "enableGradient": false,
                "enableShadow": false,
                "fillOpacity": 0.7,
                "iconSize": 9,
                "pinShape": "marker",
                "shape": "circle",
                "showLegend": true,
                "showPin": false,
                "size": {
                  "fixed": 5,
                  "max": 15,
                  "min": 2
                }
              },
              "displayProperties": [
                "precip_over_time_in",
                "county_name"
              ],
              "location": {
                "geojson": "geom",
                "mode": "geojson"
              },
              "name": "medium-high",
              "query": "medium-high",
              "type": "markers"
            },
            {
              "config": {
                "cluster": false,
                "clusterDistance": 20,
                "clusterMinDistance": 0,
                "clusterValue": "size",
                "color": {
                  "fixed": "semi-dark-purple"
                },
                "enableGradient": false,
                "enableShadow": false,
                "fillOpacity": 0.4,
                "iconSize": 9,
                "pinShape": "marker",
                "shape": "circle",
                "showLegend": true,
                "showPin": false,
                "size": {
                  "fixed": 5,
                  "max": 15,
                  "min": 2
                }
              },
              "displayProperties": [
                "precip_over_time_in",
                "county_name"
              ],
              "location": {
                "geojson": "geom",
                "mode": "geojson"
              },
              "name": "high",
              "query": "high",
              "type": "markers"
            },
            {
              "config": {
                "cluster": false,
                "clusterDistance": 20,
                "clusterMinDistance": 0,
                "clusterValue": "size",
                "color": {
                  "fixed": "super-light-red"
                },
                "enableGradient": false,
                "enableShadow": false,
                "fillOpacity": 0.2,
                "iconSize": 9,
                "pinShape": "marker",
                "shape": "circle",
                "showLegend": true,
                "showPin": false,
                "size": {
                  "fixed": 5,
                  "max": 15,
                  "min": 2
                }
              },
              "displayProperties": [
                "county_name"
              ],
              "location": {
                "geojson": "geom",
                "mode": "geojson"
              },
              "name": "political_bounds",
              "query": "counties",
              "type": "markers"
            }
          ],
          "view": {
            "id": "coords",
            "lat": 37.34933,
            "lon": -77.799006,
            "zoom": 8.93
          }
        },
        "targets": [
          {
            "datasource": {
              "type": "grafana-postgresql-datasource",
              "uid": "ddwzouuoihmv4d"
            },
            "editorMode": "code",
            "format": "table",
            "rawQuery": true,
            "rawSql": "select distinct\r\n\tcnty.county_name,\r\n\tsum(coalesce(f.precip_in, 0)) as precip_over_time_in,\r\n\t--f.precip_mm,\r\n\tst_asGeoJSON(dla.geom) as geom\r\nfrom star_schema.fact f\r\ninner join star_schema.dim_land_area dla on f.land_area_id = dla.land_area_id\r\ninner join star_schema.dim_time dt on f.time_id = dt.time_id\r\ninner join star_schema.dim_county_boundary cnty on f.county_boundary_id = cnty.id\r\nwhere  dt.time_date >= (now()::date-30)\r\ngroup by county_name, dla.geom\r\nhaving sum(coalesce(f.precip_in, 0)) < 1.6",
            "refId": "low",
            "sql": {
              "columns": [
                {
                  "parameters": [],
                  "type": "function"
                }
              ],
              "groupBy": [
                {
                  "property": {
                    "type": "string"
                  },
                  "type": "groupBy"
                }
              ],
              "limit": 50
            }
          },
          {
            "datasource": {
              "type": "grafana-postgresql-datasource",
              "uid": "ddwzouuoihmv4d"
            },
            "editorMode": "code",
            "format": "table",
            "hide": false,
            "rawQuery": true,
            "rawSql": "select distinct\r\n\tcnty.county_name,\r\n\tsum(coalesce(f.precip_in, 0)) as precip_over_time_in,\r\n\t--f.precip_mm,\r\n\tst_asGeoJSON(dla.geom) as geom\r\nfrom star_schema.fact f\r\ninner join star_schema.dim_land_area dla on f.land_area_id = dla.land_area_id\r\ninner join star_schema.dim_time dt on f.time_id = dt.time_id\r\ninner join star_schema.dim_county_boundary cnty on f.county_boundary_id = cnty.id\r\nwhere  dt.time_date >= (now()::date-30)\r\ngroup by county_name, dla.geom\r\nhaving sum(coalesce(f.precip_in, 0)) >= 1.6 and sum(coalesce(f.precip_in, 0)) < 1.8",
            "refId": "medium",
            "sql": {
              "columns": [
                {
                  "parameters": [],
                  "type": "function"
                }
              ],
              "groupBy": [
                {
                  "property": {
                    "type": "string"
                  },
                  "type": "groupBy"
                }
              ],
              "limit": 50
            }
          },
          {
            "datasource": {
              "type": "grafana-postgresql-datasource",
              "uid": "ddwzouuoihmv4d"
            },
            "editorMode": "code",
            "format": "table",
            "hide": false,
            "rawQuery": true,
            "rawSql": "select distinct\r\n\tcnty.county_name,\r\n\tsum(coalesce(f.precip_in, 0)) as precip_over_time_in,\r\n\t--f.precip_mm,\r\n\tst_asGeoJSON(dla.geom) as geom\r\nfrom star_schema.fact f\r\ninner join star_schema.dim_land_area dla on f.land_area_id = dla.land_area_id\r\ninner join star_schema.dim_time dt on f.time_id = dt.time_id\r\ninner join star_schema.dim_county_boundary cnty on f.county_boundary_id = cnty.id\r\nwhere  dt.time_date >= (now()::date-30)\r\ngroup by county_name, dla.geom\r\nhaving sum(coalesce(f.precip_in, 0)) >= 1.8 and sum(coalesce(f.precip_in, 0)) < 1.95",
            "refId": "medium-high",
            "sql": {
              "columns": [
                {
                  "parameters": [],
                  "type": "function"
                }
              ],
              "groupBy": [
                {
                  "property": {
                    "type": "string"
                  },
                  "type": "groupBy"
                }
              ],
              "limit": 50
            }
          },
          {
            "datasource": {
              "type": "grafana-postgresql-datasource",
              "uid": "ddwzouuoihmv4d"
            },
            "editorMode": "code",
            "format": "table",
            "hide": false,
            "rawQuery": true,
            "rawSql": "select distinct\r\n\tcnty.county_name,\r\n\tsum(coalesce(f.precip_in, 0)) as precip_over_time_in,\r\n\t--f.precip_mm,\r\n\tst_asGeoJSON(dla.geom) as geom\r\nfrom star_schema.fact f\r\ninner join star_schema.dim_land_area dla on f.land_area_id = dla.land_area_id\r\ninner join star_schema.dim_time dt on f.time_id = dt.time_id\r\ninner join star_schema.dim_county_boundary cnty on f.county_boundary_id = cnty.id\r\nwhere  dt.time_date >= (now()::date-30)\r\ngroup by county_name, dla.geom\r\nhaving sum(coalesce(f.precip_in, 0)) > 1.95 ",
            "refId": "high",
            "sql": {
              "columns": [
                {
                  "parameters": [],
                  "type": "function"
                }
              ],
              "groupBy": [
                {
                  "property": {
                    "type": "string"
                  },
                  "type": "groupBy"
                }
              ],
              "limit": 50
            }
          },
          {
            "datasource": {
              "type": "grafana-postgresql-datasource",
              "uid": "ddwzouuoihmv4d"
            },
            "editorMode": "code",
            "format": "table",
            "hide": false,
            "rawQuery": true,
            "rawSql": "select distinct\r\n\tcnty.county_name,\r\n\t--sum(coalesce(f.precip_in, 0)) as precip_over_time_in,\r\n\t--f.precip_mm,\r\n\tst_asGeoJSON(cnty.geom) as geom\r\nfrom star_schema.fact f\r\n--inner join star_schema.dim_land_area dla on f.land_area_id = dla.land_area_id\r\ninner join star_schema.dim_time dt on f.time_id = dt.time_id\r\ninner join star_schema.dim_county_boundary cnty on f.county_boundary_id = cnty.id\r\nwhere  dt.time_date >= '2024-09-01' ",
            "refId": "counties",
            "sql": {
              "columns": [
                {
                  "parameters": [],
                  "type": "function"
                }
              ],
              "groupBy": [
                {
                  "property": {
                    "type": "string"
                  },
                  "type": "groupBy"
                }
              ],
              "limit": 50
            }
          }
        ],
        "title": "Field Precip Last 30 days",
        "type": "orchestracities-map-panel"
      }
    ],
    "schemaVersion": 39,
    "tags": [],
    "templating": {
      "list": []
    },
    "time": {
      "from": "now-6h",
      "to": "now"
    },
    "timepicker": {},
    "timezone": "browser",
    "title": "Precipitation Sept 2024",
    "uid": "edysdj09thn28c",
    "version": 1,
    "weekStart": ""
  }