{
    "annotations": {
      "list": [
        {
          "builtIn": 1,
          "datasource": {
            "type": "grafana",
            "uid": "-- Grafana --"
          },
          "enable": true,
          "hide": true,
          "iconColor": "rgba(0, 211, 255, 1)",
          "name": "Annotations & Alerts",
          "type": "dashboard"
        }
      ]
    },
    "description": "Monitor data aspects of Geo Lakehouse",
    "editable": true,
    "fiscalYearStartMonth": 0,
    "graphTooltip": 0,
    "id": 5,
    "links": [],
    "panels": [
      {
        "datasource": {
          "type": "grafana-postgresql-datasource",
          "uid": "febzhtrdicirka"
        },
        "fieldConfig": {
          "defaults": {
            "color": {
              "mode": "thresholds"
            },
            "mappings": [],
            "thresholds": {
              "mode": "absolute",
              "steps": [
                {
                  "color": "green",
                  "value": null
                },
                {
                  "color": "red",
                  "value": 80
                }
              ]
            }
          },
          "overrides": []
        },
        "gridPos": {
          "h": 6,
          "w": 9,
          "x": 0,
          "y": 0
        },
        "id": 1,
        "options": {
          "colorMode": "value",
          "graphMode": "area",
          "justifyMode": "auto",
          "orientation": "auto",
          "reduceOptions": {
            "calcs": [
              "lastNotNull"
            ],
            "fields": "/.*/",
            "values": false
          },
          "showPercentChange": false,
          "textMode": "auto",
          "wideLayout": true
        },
        "pluginVersion": "10.4.1",
        "targets": [
          {
            "datasource": {
              "type": "grafana-postgresql-datasource",
              "uid": "febzhtrdicirka"
            },
            "editorMode": "code",
            "format": "table",
            "rawQuery": true,
            "rawSql": "select to_char(max(rast_date), 'YYYY-MM-DD') as mxrastDt from ref_climate.gpcp_rasters",
            "refId": "A",
            "sql": {
              "columns": [
                {
                  "parameters": [],
                  "type": "function"
                }
              ],
              "groupBy": [
                {
                  "property": {
                    "type": "string"
                  },
                  "type": "groupBy"
                }
              ],
              "limit": 50
            }
          }
        ],
        "title": "Raster Max Date Loaded",
        "type": "stat"
      }
    ],
    "schemaVersion": 39,
    "tags": [],
    "templating": {
      "list": []
    },
    "time": {
      "from": "now-6h",
      "to": "now"
    },
    "timepicker": {},
    "timezone": "browser",
    "title": "Geo Lakehouse Data Monitoring",
    "uid": "cecogd3k5ks1sd",
    "version": 1,
    "weekStart": ""
  }